Metric,Target_0,Target_1
MSE,7.478258402537456e-11,7.940135607811585e-11
R²,0.999999999999991,0.9999999999999898
