Metric,Target_0,Target_1
MSE,7.477413229948765e-15,7.941286004278718e-15
R²,1.0,1.0
