Metric,Target_0,Target_1
MSE,7.46922555130497e-17,7.951622548330427e-17
R²,1.0,1.0
