Metric,Target_0,Target_1
MSE,7.478220326240562e-13,7.940311581644205e-13
R²,0.9999999999999999,0.9999999999999999
