Metric,Target_0
MSE,0.7262291862295315
R²,-16.911796193217857
