Metric,Target_0
MSE,0.7262274534779425
R²,-16.911753456442874
