Metric,Target_0
MSE,0.8348190844751843
R²,-7.317694714430429
