Metric,Target_0
MSE,0.8330955226003949
R²,-7.300522057787424
