Metric,Target_0
MSE,0.8348220606049319
R²,-7.317724367009211
