Metric,Target_0
MSE,0.833095475639127
R²,-7.300521589890252
