Metric,Target_0
MSE,0.8330954799083333
R²,-7.30052163242636
