Metric,Target_0
MSE,0.7262272628710598
R²,-16.911748755293843
