Metric,Target_0
MSE,0.8331002187154799
R²,-7.300568847388126
