Metric,Target_0
MSE,0.8348191139264827
R²,-7.317695007867551
