Metric,Target_0
MSE,0.8348190871525624
R²,-7.317694741106404
