Metric,Target_0
MSE,0.7262272801989925
R²,-16.911749182671876
