Metric,Target_0
MSE,0.8348193816796362
R²,-7.317697675618001
