Metric,Target_0
MSE,0.8330959495209068
R²,-7.300526311397041
