Metric,Target_0
MSE,0.7262465099555403
R²,-16.912223467493607
